{"save_dt":0.2,"dx":0.063492063492063489,"numtimeStep":25,"timeGrid":[0,0.2,0.4,0.60000000000000009,0.8,1,1.2000000000000002,1.4000000000000001,1.6,1.8,2,2.2,2.4000000000000004,2.6,2.8000000000000003,3,3.2,3.4000000000000004,3.6,3.8000000000000003,4,4.2,4.4,4.6000000000000005,4.8000000000000007],"imDim":[64,64],"Re":200,"nu":0.005}